{
  "pools": [
    {
      "rolls": 12,
      "entries": [
        {
          "type": "minecraft:item",
          "name": "minecraft:ender_eye",
          "weight": 20,
          "functions": [
            {
              "function": "minecraft:set_count",
              "count": {
                "min": 1,
                "max": 5
              }
            }
          ]
        },
        {
          "type": "minecraft:item",
          "name": "minecraft:ender_pearl",
          "weight": 25,
          "functions": [
            {
              "function": "minecraft:set_count",
              "count": {
                "min": 3,
                "max": 9
              }
            }
          ]
        },
        {
          "type": "minecraft:item",
          "name": "ad_astra:tier_4_rocket",
          "weight": 1
        },
        {
          "type": "minecraft:item",
          "name": "apotheosis:mythic_material",
          "weight": 10,
          "functions": [
            {
              "function": "minecraft:set_count",
              "count": {
                "min": 4,
                "max": 8
              }
            }
          ]
        },
        {
          "type": "minecraft:item",
          "name": "apotheosis:gem_dust",
          "weight": 12,
          "functions": [
            {
              "function": "minecraft:set_count",
              "count": {
                "min": 24,
                "max": 32
              }
            }
          ]
        },
        {
          "type": "minecraft:item",
          "name": "apotheosis:sigil_of_socketing",
          "weight": 12,
          "functions": [
            {
              "function": "minecraft:set_count",
              "count": {
                "min": 1,
                "max": 4
              }
            }
          ]
        },
        {
          "type": "minecraft:item",
          "name": "deeperdarker:warden_helmet",
          "weight": 4,
          "functions": [
            {
              "function": "minecraft:enchant_with_levels",
              "levels": 55
            }
          ]
        },
        {
          "type": "minecraft:item",
          "name": "deeperdarker:warden_chestplate",
          "weight": 4,
          "functions": [
            {
              "function": "minecraft:enchant_with_levels",
              "levels": 55
            }
          ]
        },
        {
          "type": "minecraft:item",
          "name": "deeperdarker:warden_leggings",
          "weight": 4,
          "functions": [
            {
              "function": "minecraft:enchant_with_levels",
              "levels": 55
            }
          ]
        },
        {
          "type": "minecraft:item",
          "name": "deeperdarker:warden_boots",
          "weight": 4,
          "functions": [
            {
              "function": "minecraft:enchant_with_levels",
              "levels": 55
            }
          ]
        },
        {
          "type": "minecraft:item",
          "name": "deeperdarker:warden_sword",
          "weight": 4,
          "functions": [
            {
              "function": "minecraft:enchant_with_levels",
              "levels": 55
            }
          ]
        },
        {
          "type": "minecraft:item",
          "name": "deeperdarker:warden_pickaxe",
          "weight": 4,
          "functions": [
            {
              "function": "minecraft:enchant_with_levels",
              "levels": 55
            }
          ]
        },
        {
          "type": "minecraft:item",
          "name": "deeperdarker:warden_axe",
          "weight": 4,
          "functions": [
            {
              "function": "minecraft:enchant_with_levels",
              "levels": 55
            }
          ]
        },
        {
          "type": "minecraft:item",
          "name": "deeperdarker:warden_shovel",
          "weight": 4,
          "functions": [
            {
              "function": "minecraft:enchant_with_levels",
              "levels": 55
            }
          ]
        },
        {
          "type": "minecraft:item",
          "name": "deeperdarker:warden_hoe",
          "weight": 4,
          "functions": [
            {
              "function": "minecraft:enchant_with_levels",
              "levels": 55
            }
          ]
        },
        {
          "type": "minecraft:item",
          "name": "mysticalagriculture:supremium_essence",
          "weight": 8,
          "functions": [
            {
              "function": "minecraft:set_count",
              "count": {
                "min": 6,
                "max": 12
              }
            }
          ]
        },
        {
          "type": "minecraft:item",
          "name": "minecraft:book",
          "weight": 10,
          "functions": [
            {
              "function": "minecraft:enchant_with_levels",
              "levels": 55
            }
          ]
        },
        {
          "type": "minecraft:item",
          "name": "minecraft:diamond",
          "weight": 8,
          "functions": [
            {
              "function": "minecraft:set_count",
              "count": {
                "min": 8,
                "max": 16
              }
            }
          ]
        },
        {
          "type": "minecraft:item",
          "name": "minecraft:diamond_block",
          "weight": 8,
          "functions": [
            {
              "function": "minecraft:set_count",
              "count": {
                "min": 1,
                "max": 4
              }
            }
          ]
        },
        {
          "type": "minecraft:item",
          "name": "minecraft:emerald",
          "weight": 8,
          "functions": [
            {
              "function": "minecraft:set_count",
              "count": {
                "min": 4,
                "max": 12
              }
            }
          ]
        },
        {
          "type": "minecraft:item",
          "name": "minecraft:emerald_block",
          "weight": 8,
          "functions": [
            {
              "function": "minecraft:set_count",
              "count": {
                "min": 1,
                "max": 3
              }
            }
          ]
        },
        {
          "type": "minecraft:item",
          "name": "draconicevolution:draconium_dust",
          "weight": 12,
          "functions": [
            {
              "function": "minecraft:set_count",
              "count": {
                "min": 12,
                "max": 24
              }
            }
          ]
        },
        {
          "type": "minecraft:item",
          "name": "irons_spellbooks:epic_ink",
          "weight": 12,
          "functions": [
            {
              "function": "minecraft:set_count",
              "count": {
                "min": 6,
                "max": 12
              }
            }
          ]
        },
        {
          "type": "minecraft:item",
          "name": "irons_spellbooks:legendary_ink",
          "weight": 12,
          "functions": [
            {
              "function": "minecraft:set_count",
              "count": {
                "min": 3,
                "max": 7
              }
            }
          ]
        },
        {
          "type": "minecraft:item",
          "name": "irons_spellbooks:arcane_essence",
          "weight": 14,
          "functions": [
            {
              "function": "minecraft:set_count",
              "count": {
                "min": 24,
                "max": 48
              }
            }
          ]
        },
        {
          "type": "minecraft:item",
          "name": "minecraft:obsidian",
          "weight": 16,
          "functions": [
            {
              "function": "minecraft:set_count",
              "count": {
                "min": 24,
                "max": 48
              }
            }
          ]
        },
        {
          "type": "minecraft:item",
          "name": "minecraft:crying_obsidian",
          "weight": 16,
          "functions": [
            {
              "function": "minecraft:set_count",
              "count": {
                "min": 8,
                "max": 14
              }
            }
          ]
        },
        {
          "type": "minecraft:item",
          "name": "apotheosis:endshelf",
          "weight": 12,
          "functions": [
            {
              "function": "minecraft:set_count",
              "count": {
                "min": 4,
                "max": 6
              }
            }
          ]
        }
      ]
    },
    {
      "name": "ender_guardian",
      "rolls": 1,
      "entries": [
        {
          "type": "minecraft:item",
          "name": "cataclysm:gauntlet_of_guard",
          "weight": 1
        }
      ]
    },
    {
      "name": "disc",
      "conditions": [
        {
          "condition": "random_chance_with_looting",
          "chance": 0.1,
          "looting_multiplier": 0.1
        }
      ],
      "rolls": 1,
      "entries": [
        {
          "type": "minecraft:item",
          "name": "cataclysm:music_disc_ender_guardian",
          "weight": 1
        }
      ]
    }
  ]
}