{
  "pools": [
    {
      "name": "block",
      "rolls": 1,
      "entries": [
        {
          "type": "minecraft:item",
          "name": "cataclysm:witherite_block",
          "weight": 1
        }
      ]
    },
    {
      "name": "disc",
      "conditions": [
        {
          "condition": "random_chance_with_looting",
          "chance": 0.1,
          "looting_multiplier": 0.1
        }
      ],
      "rolls": 1,
      "entries": [
        {
          "type": "minecraft:item",
          "name": "cataclysm:music_disc_the_harbinger",
          "weight": 1
        }
      ]
    },
    {
      "rolls": 2,
      "entries": [
        {
          "type": "minecraft:loot_table",
          "name": "144craft:chests/tier4_chest",
          "weight": 1
        }
      ]
    },
    {
      "rolls": 1,
      "entries": [
        {
          "type": "minecraft:item",
          "name": "ae2:item_storage_cell_256k",
          "weight": 1,
          "conditions": [
            {
              "condition": "minecraft:random_chance",
              "chance": 0.1
            }
          ]
        },
        {
          "type": "minecraft:tag",
          "name": "refinedstorage:disks/items/256k",
          "expand": true,
          "weight": 1,
          "conditions": [
            {
              "condition": "minecraft:random_chance",
              "chance": 0.1
            }
          ]
        },
        {
          "type": "minecraft:item",
          "name": "deeperdarker:warden_helmet",
          "weight": 4,
          "functions": [
            {
              "function": "minecraft:enchant_with_levels",
              "levels": 55
            }
          ]
        },
        {
          "type": "minecraft:item",
          "name": "deeperdarker:warden_chestplate",
          "weight": 4,
          "functions": [
            {
              "function": "minecraft:enchant_with_levels",
              "levels": 55
            }
          ]
        },
        {
          "type": "minecraft:item",
          "name": "deeperdarker:warden_leggings",
          "weight": 4,
          "functions": [
            {
              "function": "minecraft:enchant_with_levels",
              "levels": 55
            }
          ]
        },
        {
          "type": "minecraft:item",
          "name": "deeperdarker:warden_boots",
          "weight": 4,
          "functions": [
            {
              "function": "minecraft:enchant_with_levels",
              "levels": 55
            }
          ]
        },
        {
          "type": "minecraft:item",
          "name": "deeperdarker:warden_sword",
          "weight": 4,
          "functions": [
            {
              "function": "minecraft:enchant_with_levels",
              "levels": 55
            }
          ]
        },
        {
          "type": "minecraft:item",
          "name": "deeperdarker:warden_pickaxe",
          "weight": 4,
          "functions": [
            {
              "function": "minecraft:enchant_with_levels",
              "levels": 55
            }
          ]
        },
        {
          "type": "minecraft:item",
          "name": "deeperdarker:warden_axe",
          "weight": 4,
          "functions": [
            {
              "function": "minecraft:enchant_with_levels",
              "levels": 55
            }
          ]
        },
        {
          "type": "minecraft:item",
          "name": "deeperdarker:warden_shovel",
          "weight": 4,
          "functions": [
            {
              "function": "minecraft:enchant_with_levels",
              "levels": 55
            }
          ]
        },
        {
          "type": "minecraft:item",
          "name": "deeperdarker:warden_hoe",
          "weight": 4,
          "functions": [
            {
              "function": "minecraft:enchant_with_levels",
              "levels": 55
            }
          ]
        },
        {
          "type": "minecraft:item",
          "name": "mekanismtools:refined_obsidian_helmet",
          "weight": 4,
          "functions": [
            {
              "function": "minecraft:enchant_with_levels",
              "levels": 55
            }
          ]
        },
        {
          "type": "minecraft:item",
          "name": "mekanismtools:refined_obsidian_chestplate",
          "weight": 4,
          "functions": [
            {
              "function": "minecraft:enchant_with_levels",
              "levels": 55
            }
          ]
        },
        {
          "type": "minecraft:item",
          "name": "mekanismtools:refined_obsidian_leggings",
          "weight": 4,
          "functions": [
            {
              "function": "minecraft:enchant_with_levels",
              "levels": 55
            }
          ]
        },
        {
          "type": "minecraft:item",
          "name": "mekanismtools:refined_obsidian_boots",
          "weight": 4,
          "functions": [
            {
              "function": "minecraft:enchant_with_levels",
              "levels": 55
            }
          ]
        },
        {
          "type": "minecraft:item",
          "name": "mekanismtools:refined_obsidian_sword",
          "weight": 4,
          "functions": [
            {
              "function": "minecraft:enchant_with_levels",
              "levels": 55
            }
          ]
        },
        {
          "type": "minecraft:item",
          "name": "mekanismtools:refined_obsidian_pickaxe",
          "weight": 4,
          "functions": [
            {
              "function": "minecraft:enchant_with_levels",
              "levels": 55
            }
          ]
        },
        {
          "type": "minecraft:item",
          "name": "mekanismtools:refined_obsidian_axe",
          "weight": 4,
          "functions": [
            {
              "function": "minecraft:enchant_with_levels",
              "levels": 55
            }
          ]
        },
        {
          "type": "minecraft:item",
          "name": "mekanismtools:refined_obsidian_shovel",
          "weight": 4,
          "functions": [
            {
              "function": "minecraft:enchant_with_levels",
              "levels": 55
            }
          ]
        },
        {
          "type": "minecraft:item",
          "name": "mekanismtools:refined_obsidian_hoe",
          "weight": 4,
          "functions": [
            {
              "function": "minecraft:enchant_with_levels",
              "levels": 55
            }
          ]
        },
        {
          "type": "minecraft:item",
          "name": "silentgear:azure_electrum_ingot",
          "weight": 14,
          "functions": [
            {
              "function": "minecraft:set_count",
              "count": {
                "min": 1,
                "max": 2
              }
            }
          ]
        },
        {
          "type": "minecraft:item",
          "name": "silentgear:crimson_steel_ingot",
          "weight": 24,
          "functions": [
            {
              "function": "minecraft:set_count",
              "count": {
                "min": 2,
                "max": 4
              }
            }
          ]
        }
      ]
    }
  ]
}